bowler,total_matches,total_balls,total_runs,total_wickets,overall_economy,overall_bowling_sr,average,highest_match_wickets,best_season,three_wicket_hauls,five_wicket_hauls,hat_tricks,most_dismissals,bowled,caught,lbw,stumped,teams_represented,last_team
YS Chahal,184,4050,5501,233,8.15,17.38,23.61,5,2022,23,1,2,caught,38,150,19,22,"Mumbai Indians, Punjab Kings, Rajasthan Royals, Royal Challengers Bangalore",Punjab Kings
B Kumar,206,4613,6045,226,7.86,20.41,26.75,5,2026,22,2,0,caught,46,159,13,2,"Pune Warriors, Royal Challengers Bengaluru, Sunrisers Hyderabad",Royal Challengers Bengaluru
SP Narine,200,4666,5379,209,6.92,22.33,25.74,5,2012,18,1,1,caught,57,105,26,11,Kolkata Knight Riders,Kolkata Knight Riders
PP Chawla,191,3852,5179,192,8.07,20.06,26.97,4,2023,15,0,0,caught,50,95,21,19,"Chennai Super Kings, Kolkata Knight Riders, Mumbai Indians, Punjab Kings",Mumbai Indians
JJ Bumrah,158,3693,4582,190,7.44,19.44,24.12,5,2020,26,3,0,caught,48,120,18,0,Mumbai Indians,Mumbai Indians
R Ashwin,217,4714,5721,187,7.28,25.21,30.59,4,2011,9,0,0,caught,29,122,19,10,"Chennai Super Kings, Delhi Capitals, Punjab Kings, Rajasthan Royals, Rising Pune Supergiant",Chennai Super Kings
DJ Bravo,158,3129,4436,183,8.51,17.1,24.24,4,2013,16,0,0,caught,21,143,8,0,"Chennai Super Kings, Gujarat Lions, Mumbai Indians",Chennai Super Kings
RA Jadeja,237,4261,5525,180,7.78,23.67,30.69,5,2023,17,1,0,caught,40,103,18,12,"Chennai Super Kings, Gujarat Lions, Kochi Tuskers Kerala, Rajasthan Royals",Rajasthan Royals
Rashid Khan,153,3543,4390,179,7.43,19.79,24.53,4,2023,19,0,1,caught,45,85,39,8,"Gujarat Titans, Sunrisers Hyderabad",Gujarat Titans
A Mishra,162,3392,4193,174,7.42,19.49,24.1,5,2013,17,1,3,caught,26,102,14,28,"Delhi Capitals, Lucknow Super Giants, Sunrisers Hyderabad",Lucknow Super Giants
SL Malinga,122,2845,3486,170,7.35,16.74,20.51,5,2011,19,1,0,caught,63,90,11,0,Mumbai Indians,Mumbai Indians
K Rabada,101,2312,3447,151,8.95,15.31,22.83,4,2020,17,0,1,caught,20,122,3,0,"Delhi Capitals, Gujarat Titans, Punjab Kings",Gujarat Titans
Sandeep Sharma,142,3176,4359,151,8.23,21.03,28.87,5,2014,12,1,0,caught,28,99,17,1,"Punjab Kings, Rajasthan Royals, Sunrisers Hyderabad",Rajasthan Royals
HV Patel,121,2527,3801,151,9.02,16.74,25.17,5,2021,17,1,1,caught,19,120,10,0,"Delhi Capitals, Punjab Kings, Royal Challengers Bangalore, Sunrisers Hyderabad",Sunrisers Hyderabad
Harbhajan Singh,160,3420,4101,150,7.19,22.8,27.34,5,2013,11,1,0,caught,29,83,8,18,"Chennai Super Kings, Kolkata Knight Riders, Mumbai Indians",Kolkata Knight Riders
Mohammed Shami,132,2929,4302,145,8.81,20.2,29.67,4,2023,13,0,0,caught,31,102,10,0,"Delhi Capitals, Gujarat Titans, Kolkata Knight Riders, Lucknow Super Giants, Punjab Kings, Sunrisers Hyderabad",Lucknow Super Giants
TA Boult,124,2786,3994,145,8.6,19.21,27.54,4,2020,12,0,0,caught,28,97,16,0,"Delhi Capitals, Kolkata Knight Riders, Mumbai Indians, Rajasthan Royals, Sunrisers Hyderabad",Mumbai Indians
UT Yadav,147,3080,4442,144,8.65,21.39,30.85,4,2018,16,0,0,caught,24,108,10,0,"Delhi Capitals, Gujarat Titans, Kolkata Knight Riders, Royal Challengers Bangalore",Gujarat Titans
AR Patel,173,3585,4503,139,7.54,25.79,32.4,4,2014,4,0,1,caught,39,73,8,12,"Delhi Capitals, Punjab Kings",Delhi Capitals
MM Sharma,119,2413,3537,134,8.79,18.01,26.4,5,2023,16,1,0,caught,22,104,4,0,"Chennai Super Kings, Delhi Capitals, Gujarat Titans, Punjab Kings",Delhi Capitals
Mohammed Siraj,125,2680,4004,128,8.96,20.94,31.28,4,2023,10,0,0,caught,26,91,10,0,"Gujarat Titans, Royal Challengers Bangalore, Royal Challengers Bengaluru, Sunrisers Hyderabad",Gujarat Titans
AD Russell,121,1819,2909,123,9.6,14.79,23.65,5,2024,13,1,0,caught,12,101,3,0,"Delhi Capitals, Kolkata Knight Riders",Kolkata Knight Riders
SN Thakur,109,2215,3554,120,9.63,18.46,29.62,4,2021,10,0,0,caught,10,101,4,0,"Chennai Super Kings, Delhi Capitals, Kolkata Knight Riders, Lucknow Super Giants, Mumbai Indians, Punjab Kings, Rising Pune Supergiant",Mumbai Indians
JD Unadkat,115,2352,3541,114,9.03,20.63,31.06,5,2017,11,2,1,caught,17,88,1,0,"Delhi Capitals, Kolkata Knight Riders, Lucknow Super Giants, Mumbai Indians, Rajasthan Royals, Rising Pune Supergiant, Royal Challengers Bangalore, Sunrisers Hyderabad",Sunrisers Hyderabad
Kuldeep Yadav,107,2289,3189,112,8.36,20.44,28.47,4,2022,10,0,0,caught,12,69,12,11,"Delhi Capitals, Kolkata Knight Riders",Delhi Capitals
CV Varun,94,2142,2795,111,7.83,19.3,25.18,5,2024,11,1,0,caught,26,69,9,4,"Kolkata Knight Riders, Punjab Kings",Kolkata Knight Riders
Arshdeep Singh,95,2038,3166,111,9.32,18.36,28.52,5,2025,12,1,0,caught,16,87,4,0,Punjab Kings,Punjab Kings
KH Pandya,147,2704,3451,107,7.66,25.27,32.25,4,2025,9,0,0,caught,14,69,9,9,"Lucknow Super Giants, Mumbai Indians, Royal Challengers Bengaluru",Royal Challengers Bengaluru
A Nehra,88,1917,2537,106,7.94,18.08,23.93,4,2015,14,0,0,caught,23,76,5,0,"Chennai Super Kings, Delhi Capitals, Mumbai Indians, Pune Warriors, Sunrisers Hyderabad",Sunrisers Hyderabad
R Vinay Kumar,104,2138,3041,105,8.53,20.36,28.96,4,2013,10,0,0,caught,13,82,6,0,"Kochi Tuskers Kerala, Kolkata Knight Riders, Mumbai Indians, Royal Challengers Bangalore",Kolkata Knight Riders
Z Khan,99,2202,2860,102,7.79,21.59,28.04,4,2012,9,0,0,caught,22,70,9,0,"Delhi Capitals, Mumbai Indians, Royal Challengers Bangalore",Delhi Capitals
DW Steyn,95,2189,2583,97,7.08,22.57,26.63,3,2013,8,0,0,caught,26,62,6,0,"Gujarat Lions, Royal Challengers Bangalore, Sunrisers Hyderabad",Royal Challengers Bangalore
CH Morris,81,1731,2377,96,8.24,18.03,24.76,4,2013,12,0,0,caught,22,66,6,0,"Chennai Super Kings, Delhi Capitals, Rajasthan Royals, Royal Challengers Bangalore",Rajasthan Royals
DL Chahar,103,2075,2890,96,8.36,21.61,30.1,4,2019,7,0,0,caught,15,70,9,0,"Chennai Super Kings, Mumbai Indians, Rising Pune Supergiant",Mumbai Indians
I Sharma,117,2442,3465,96,8.51,25.44,36.09,5,2013,4,1,0,caught,21,69,6,0,"Delhi Capitals, Gujarat Titans, Kolkata Knight Riders, Punjab Kings, Rising Pune Supergiant, Sunrisers Hyderabad",Gujarat Titans
Avesh Khan,82,1771,2775,94,9.4,18.84,29.52,4,2021,11,0,0,caught,17,69,5,0,"Delhi Capitals, Lucknow Super Giants, Rajasthan Royals, Royal Challengers Bangalore",Lucknow Super Giants
SR Watson,105,2042,2742,92,8.06,22.2,29.8,4,2016,8,0,1,caught,16,71,2,1,"Chennai Super Kings, Rajasthan Royals, Royal Challengers Bangalore",Chennai Super Kings
KK Ahmed,76,1665,2521,91,9.08,18.3,27.7,3,2019,9,0,0,caught,7,81,3,0,"Chennai Super Kings, Delhi Capitals, Sunrisers Hyderabad",Chennai Super Kings
M Prasidh Krishna,78,1756,2655,91,9.07,19.3,29.18,4,2025,9,0,0,caught,10,75,5,0,"Gujarat Titans, Kolkata Knight Riders, Rajasthan Royals",Gujarat Titans
P Kumar,119,2525,3342,90,7.94,28.06,37.13,3,2009,3,0,1,caught,14,70,5,0,"Gujarat Lions, Mumbai Indians, Punjab Kings, Royal Challengers Bangalore, Sunrisers Hyderabad",Gujarat Lions
RP Singh,82,1788,2417,90,8.11,19.87,26.86,4,2009,11,0,0,caught,25,58,5,0,"Kochi Tuskers Kerala, Mumbai Indians, Rising Pune Supergiant, Royal Challengers Bangalore, Sunrisers Hyderabad",Rising Pune Supergiant
PP Ojha,90,1901,2399,89,7.57,21.36,26.96,3,2010,5,0,0,caught,15,57,5,12,"Mumbai Indians, Sunrisers Hyderabad",Mumbai Indians
PJ Cummins,80,1813,2746,87,9.09,20.84,31.56,4,2024,9,0,0,caught,16,66,4,0,"Delhi Capitals, Kolkata Knight Riders, Sunrisers Hyderabad",Sunrisers Hyderabad
DS Kulkarni,92,1794,2513,86,8.4,20.86,29.22,4,2016,7,0,0,caught,12,68,2,0,"Gujarat Lions, Mumbai Indians, Rajasthan Royals",Mumbai Indians
JA Morkel,87,1736,2409,85,8.33,20.42,28.34,4,2008,5,0,0,caught,17,58,7,0,"Chennai Super Kings, Delhi Capitals, Rising Pune Supergiant, Royal Challengers Bangalore",Rising Pune Supergiant
JC Archer,68,1589,2221,84,8.39,18.92,26.44,3,2026,10,0,0,caught,20,57,4,0,"Mumbai Indians, Rajasthan Royals",Rajasthan Royals
Ravi Bishnoi,85,1795,2522,83,8.43,21.63,30.39,4,2023,5,0,0,caught,17,50,6,6,"Lucknow Super Giants, Punjab Kings, Rajasthan Royals",Rajasthan Royals
KV Sharma,87,1585,2263,83,8.57,19.1,27.27,4,2014,6,0,0,caught,10,56,6,6,"Chennai Super Kings, Mumbai Indians, Royal Challengers Bangalore, Royal Challengers Bengaluru, Sunrisers Hyderabad",Mumbai Indians
HH Pandya,116,1774,2802,82,9.48,21.63,34.17,5,2018,6,1,0,caught,7,66,2,0,"Gujarat Titans, Mumbai Indians",Mumbai Indians
Imran Tahir,59,1317,1729,82,7.88,16.06,21.09,4,2019,12,0,0,caught,16,51,7,3,"Chennai Super Kings, Delhi Capitals, Rising Pune Supergiant",Chennai Super Kings
IK Pathan,101,2044,2711,80,7.96,25.55,33.89,3,2009,4,0,0,caught,22,49,6,0,"Delhi Capitals, Gujarat Lions, Punjab Kings, Rising Pune Supergiant, Sunrisers Hyderabad",Gujarat Lions
M Morkel,70,1642,2136,77,7.81,21.32,27.74,4,2012,6,0,0,caught,17,58,2,0,"Delhi Capitals, Kolkata Knight Riders, Rajasthan Royals",Kolkata Knight Riders
L Balaji,73,1516,2083,76,8.24,19.95,27.41,5,2009,7,1,1,caught,19,54,1,0,"Chennai Super Kings, Kolkata Knight Riders, Punjab Kings",Punjab Kings
MA Starc,56,1203,1813,76,9.04,15.83,23.86,5,2015,12,1,0,caught,25,43,5,0,"Delhi Capitals, Kolkata Knight Riders, Royal Challengers Bangalore",Delhi Capitals
RD Chahar,79,1695,2220,75,7.86,22.6,29.6,4,2020,6,0,0,caught,9,47,6,9,"Chennai Super Kings, Mumbai Indians, Punjab Kings, Rising Pune Supergiant, Sunrisers Hyderabad",Chennai Super Kings
T Natarajan,73,1554,2411,74,9.31,21.0,32.58,4,2024,5,0,0,caught,16,51,5,0,"Delhi Capitals, Punjab Kings, Sunrisers Hyderabad",Delhi Capitals
MM Patel,63,1366,1733,74,7.61,18.46,23.42,5,2011,7,1,0,caught,12,54,4,1,"Gujarat Lions, Mumbai Indians, Rajasthan Royals",Gujarat Lions
JR Hazlewood,52,1178,1725,72,8.79,16.36,23.96,4,2025,9,0,0,caught,5,59,5,0,"Chennai Super Kings, Royal Challengers Bangalore, Royal Challengers Bengaluru",Royal Challengers Bengaluru
R Bhatia,91,1638,2059,71,7.54,23.07,29.0,4,2012,4,0,0,caught,19,44,6,0,"Delhi Capitals, Kolkata Knight Riders, Rajasthan Royals, Rising Pune Supergiant",Rising Pune Supergiant
MJ McClenaghan,56,1283,1839,71,8.6,18.07,25.9,4,2017,8,0,0,caught,9,58,3,0,Mumbai Indians,Mumbai Indians
JO Holder,57,1229,1781,70,8.69,17.56,25.44,4,2026,11,0,0,caught,10,58,2,0,"Chennai Super Kings, Gujarat Titans, Kolkata Knight Riders, Lucknow Super Giants, Rajasthan Royals, Sunrisers Hyderabad",Gujarat Titans
AB Dinda,75,1530,2103,69,8.25,22.17,30.48,4,2013,5,0,0,caught,14,52,3,0,"Delhi Capitals, Kolkata Knight Riders, Pune Warriors, Rising Pune Supergiant, Royal Challengers Bangalore",Rising Pune Supergiant
KA Pollard,107,1496,2200,69,8.82,21.68,31.88,4,2012,3,0,0,caught,5,53,3,1,Mumbai Indians,Mumbai Indians
Mustafizur Rahman,60,1372,1879,65,8.22,21.11,28.91,4,2016,7,0,0,caught,11,51,1,0,"Chennai Super Kings, Delhi Capitals, Mumbai Indians, Rajasthan Royals, Sunrisers Hyderabad",Delhi Capitals
JH Kallis,89,1751,2348,65,8.05,26.94,36.12,3,2013,2,0,0,caught,18,40,6,0,"Kolkata Knight Riders, Royal Challengers Bangalore",Kolkata Knight Riders
SK Trivedi,75,1515,1944,65,7.7,23.31,29.91,4,2008,5,0,0,caught,15,46,2,0,Rajasthan Royals,Rajasthan Royals
M Muralitharan,66,1530,1765,64,6.92,23.91,27.58,4,2010,5,0,0,caught,13,35,9,6,"Chennai Super Kings, Kochi Tuskers Kerala, Royal Challengers Bangalore",Royal Challengers Bangalore
Shakib Al Hasan,70,1484,1864,63,7.54,23.56,29.59,3,2018,2,0,0,caught,13,35,4,9,"Kolkata Knight Riders, Sunrisers Hyderabad",Kolkata Knight Riders
MG Johnson,54,1244,1740,62,8.39,20.06,28.06,3,2013,3,0,0,caught,12,49,1,0,"Kolkata Knight Riders, Mumbai Indians, Punjab Kings",Kolkata Knight Riders
A Nortje,49,1128,1740,61,9.26,18.49,28.52,3,2020,4,0,0,caught,16,42,2,0,"Delhi Capitals, Kolkata Knight Riders, Lucknow Super Giants",Lucknow Super Giants
JP Faulkner,60,1243,1849,61,8.93,20.38,30.31,5,2013,7,2,0,caught,18,41,2,0,"Gujarat Lions, Pune Warriors, Punjab Kings, Rajasthan Royals",Gujarat Lions
Noor Ahmad,51,1103,1531,61,8.33,18.08,25.1,4,2025,6,0,0,caught,12,38,3,7,"Chennai Super Kings, Gujarat Titans",Chennai Super Kings
SM Curran,63,1260,2059,59,9.8,21.36,34.9,4,2024,7,0,1,caught,9,46,3,0,"Chennai Super Kings, Punjab Kings",Chennai Super Kings
S Kaul,55,1215,1772,58,8.75,20.95,30.55,4,2018,4,0,0,caught,12,44,2,0,"Delhi Capitals, Royal Challengers Bangalore, Sunrisers Hyderabad",Royal Challengers Bangalore
SK Warne,54,1194,1465,57,7.36,20.95,25.7,4,2008,5,0,0,caught,6,32,6,8,Rajasthan Royals,Rajasthan Royals
TU Deshpande,53,1110,1899,55,10.26,20.18,34.53,4,2023,5,0,0,caught,5,49,1,0,"Chennai Super Kings, Delhi Capitals, Rajasthan Royals",Rajasthan Royals
LH Ferguson,52,1101,1699,55,9.26,20.02,30.89,5,2021,5,1,0,caught,13,39,2,0,"Gujarat Titans, Kolkata Knight Riders, Punjab Kings, Rising Pune Supergiant, Royal Challengers Bengaluru",Punjab Kings
S Gopal,51,992,1358,52,8.21,19.08,26.12,4,2019,5,0,1,caught,5,31,3,6,"Mumbai Indians, Rajasthan Royals, Sunrisers Hyderabad",Mumbai Indians
NM Coulter-Nile,38,866,1125,48,7.79,18.04,23.44,4,2015,7,0,0,caught,8,34,3,0,"Delhi Capitals, Kolkata Knight Riders, Mumbai Indians, Rajasthan Royals",Rajasthan Royals
S Nadeem,70,1419,1800,48,7.61,29.56,37.5,3,2013,1,0,0,caught,9,26,4,4,"Delhi Capitals, Sunrisers Hyderabad",Sunrisers Hyderabad
SB Jakati,57,1087,1474,47,8.14,23.13,31.36,4,2009,2,0,0,caught,10,26,2,7,"Chennai Super Kings, Gujarat Lions, Royal Challengers Bangalore",Gujarat Lions
M Pathirana,33,712,1056,47,8.9,15.15,22.47,4,2023,5,0,0,caught,11,33,3,0,"Chennai Super Kings, Kolkata Knight Riders",Kolkata Knight Riders
TG Southee,54,1210,1774,47,8.8,25.74,37.74,3,2022,4,0,0,caught,6,35,4,0,"Chennai Super Kings, Kolkata Knight Riders, Mumbai Indians, Rajasthan Royals, Royal Challengers Bangalore",Kolkata Knight Riders
VG Arora,42,876,1425,47,9.76,18.64,30.32,3,2025,3,0,0,caught,5,40,2,0,"Kolkata Knight Riders, Punjab Kings",Kolkata Knight Riders
PWH de Silva,37,798,1134,46,8.53,17.35,24.65,5,2022,3,1,0,caught,7,27,6,4,"Rajasthan Royals, Royal Challengers Bangalore",Rajasthan Royals
MP Stoinis,75,937,1575,46,10.09,20.37,34.24,4,2020,4,0,0,caught,6,40,0,0,"Delhi Capitals, Lucknow Super Giants, Punjab Kings, Royal Challengers Bangalore",Punjab Kings
A Kumble,42,970,1089,45,6.74,21.56,24.2,5,2009,5,1,0,caught,8,24,4,8,Royal Challengers Bangalore,Royal Challengers Bangalore
RJ Harris,37,833,1085,45,7.82,18.51,24.11,4,2011,6,0,0,caught,8,31,4,0,"Punjab Kings, Sunrisers Hyderabad",Punjab Kings
M Jansen,47,1027,1672,45,9.77,22.82,37.16,3,2025,2,0,0,caught,7,33,3,0,"Mumbai Indians, Punjab Kings, Sunrisers Hyderabad",Punjab Kings
S Aravind,38,761,1057,45,8.33,16.91,23.49,4,2011,3,0,0,caught,8,32,2,0,Royal Challengers Bangalore,Royal Challengers Bangalore
VR Aaron,50,1002,1527,44,9.14,22.77,34.7,3,2014,1,0,0,caught,6,37,1,0,"Delhi Capitals, Gujarat Titans, Punjab Kings, Rajasthan Royals, Royal Challengers Bangalore",Gujarat Titans
Mukesh Kumar,42,831,1475,43,10.65,19.33,34.3,4,2024,4,0,0,caught,9,27,1,0,Delhi Capitals,Delhi Capitals
YK Pathan,82,1147,1443,42,7.55,27.31,34.36,3,2011,3,0,0,caught,10,21,5,4,"Kolkata Knight Riders, Rajasthan Royals, Sunrisers Hyderabad",Sunrisers Hyderabad
L Ngidi,27,622,883,42,8.52,14.81,21.02,4,2026,7,0,0,caught,6,31,4,0,"Chennai Super Kings, Delhi Capitals, Royal Challengers Bengaluru",Delhi Capitals
AJ Tye,30,687,1005,42,8.78,16.36,23.93,5,2018,5,1,1,caught,5,35,1,0,"Gujarat Lions, Lucknow Super Giants, Punjab Kings, Rajasthan Royals",Lucknow Super Giants
MC Henriques,60,951,1302,42,8.21,22.64,31.0,3,2016,2,0,0,caught,5,35,1,0,"Delhi Capitals, Kolkata Knight Riders, Punjab Kings, Royal Challengers Bangalore, Sunrisers Hyderabad",Punjab Kings
Yash Dayal,43,881,1412,41,9.62,21.49,34.44,3,2024,2,0,0,caught,6,34,1,0,"Gujarat Titans, Royal Challengers Bengaluru",Royal Challengers Bengaluru
GJ Maxwell,85,1022,1422,41,8.35,24.93,34.68,2,2017,0,0,0,caught,9,25,5,2,"Delhi Capitals, Mumbai Indians, Punjab Kings, Royal Challengers Bangalore, Royal Challengers Bengaluru",Punjab Kings
MM Ali,57,855,1036,41,7.27,20.85,25.27,4,2023,3,0,0,caught,10,21,8,0,"Chennai Super Kings, Kolkata Knight Riders, Royal Challengers Bangalore",Kolkata Knight Riders
Harshit Rana,32,653,1047,40,9.62,16.32,26.18,3,2024,3,0,0,caught,5,32,2,0,Kolkata Knight Riders,Kolkata Knight Riders
R Sharma,44,928,1100,40,7.11,23.2,27.5,3,2011,1,0,0,caught,8,20,8,2,"Delhi Capitals, Pune Warriors, Sunrisers Hyderabad",Delhi Capitals
Iqbal Abdulla,48,920,1125,40,7.34,23.0,28.12,3,2011,4,0,0,caught,5,24,6,3,"Kolkata Knight Riders, Rajasthan Royals, Royal Challengers Bangalore",Royal Challengers Bangalore
Washington Sundar,68,1176,1531,40,7.81,29.4,38.28,3,2017,3,0,0,caught,4,28,3,3,"Gujarat Titans, Rising Pune Supergiant, Royal Challengers Bangalore, Sunrisers Hyderabad",Gujarat Titans
S Sreesanth,44,903,1221,40,8.11,22.58,30.52,3,2008,1,0,0,caught,7,27,4,0,"Kochi Tuskers Kerala, Punjab Kings, Rajasthan Royals",Rajasthan Royals
P Awana,33,751,1046,39,8.36,19.26,26.82,4,2012,4,0,0,caught,7,31,1,0,Punjab Kings,Punjab Kings
PJ Sangwan,42,862,1267,38,8.82,22.68,33.34,3,2009,3,0,0,caught,5,32,1,0,"Delhi Capitals, Gujarat Lions, Gujarat Titans, Kolkata Knight Riders, Mumbai Indians",Gujarat Titans
DT Christian,49,886,1218,38,8.25,23.32,32.05,2,2011,0,0,0,caught,8,25,3,0,"Delhi Capitals, Rising Pune Supergiant, Royal Challengers Bangalore, Sunrisers Hyderabad",Royal Challengers Bangalore
Mohsin Khan,30,654,933,38,8.56,17.21,24.55,5,2022,4,1,0,caught,3,35,0,0,Lucknow Super Giants,Lucknow Super Giants
MR Marsh,34,563,803,37,8.56,15.22,21.7,4,2023,3,0,0,caught,2,33,2,0,"Delhi Capitals, Pune Warriors, Rising Pune Supergiant, Sunrisers Hyderabad",Delhi Capitals
MS Gony,44,893,1317,37,8.85,24.14,35.59,3,2008,2,0,0,caught,12,22,1,0,"Chennai Super Kings, Gujarat Lions, Punjab Kings, Sunrisers Hyderabad",Gujarat Lions
M Markande,40,751,1157,37,9.24,20.3,31.27,4,2018,3,0,0,caught,9,18,6,3,"Mumbai Indians, Rajasthan Royals, Sunrisers Hyderabad",Mumbai Indians
Harpreet Brar,48,860,1157,37,8.07,23.24,31.27,4,2025,4,0,0,caught,11,22,3,1,Punjab Kings,Punjab Kings
DE Bollinger,27,578,716,37,7.43,15.62,19.35,4,2011,4,0,0,caught,8,26,1,0,Chennai Super Kings,Chennai Super Kings
M Theekshana,38,878,1226,36,8.38,24.39,34.06,4,2022,2,0,0,caught,9,22,4,1,"Chennai Super Kings, Rajasthan Royals",Rajasthan Royals
Yuvraj Singh,73,870,1091,36,7.52,24.17,30.31,4,2011,4,0,2,caught,9,19,2,4,"Delhi Capitals, Pune Warriors, Punjab Kings, Royal Challengers Bangalore, Sunrisers Hyderabad",Punjab Kings
WD Parnell,33,729,968,35,7.97,20.83,27.66,3,2011,4,0,0,caught,5,26,3,0,"Delhi Capitals, Pune Warriors, Royal Challengers Bangalore",Royal Challengers Bangalore
M Ashwin,44,873,1182,35,8.12,24.94,33.77,3,2020,2,0,0,caught,8,22,3,1,"Mumbai Indians, Punjab Kings, Rajasthan Royals, Rising Pune Supergiant, Royal Challengers Bangalore",Rajasthan Royals
P Negi,42,716,954,34,7.99,21.06,28.06,4,2017,2,0,0,caught,5,22,0,5,"Chennai Super Kings, Delhi Capitals, Royal Challengers Bangalore",Royal Challengers Bangalore
E Malinga,22,486,754,33,9.31,14.73,22.85,4,2026,3,0,0,caught,2,26,2,0,Sunrisers Hyderabad,Sunrisers Hyderabad
KK Cooper,25,577,789,33,8.2,17.48,23.91,4,2013,5,0,0,caught,10,20,2,0,Rajasthan Royals,Rajasthan Royals
Kartik Tyagi,33,740,1224,33,9.92,22.42,37.09,3,2026,2,0,0,caught,2,30,0,0,"Gujarat Titans, Kolkata Knight Riders, Rajasthan Royals, Sunrisers Hyderabad",Kolkata Knight Riders
R Sai Kishore,27,465,701,33,9.05,14.09,21.24,4,2025,2,0,0,caught,2,25,2,2,Gujarat Titans,Gujarat Titans
R Tewatia,52,845,1117,32,7.93,26.41,34.91,3,2020,4,0,0,caught,2,22,2,6,"Delhi Capitals, Gujarat Titans, Punjab Kings, Rajasthan Royals",Gujarat Titans
A Kamboj,25,498,823,31,9.92,16.06,26.55,3,2026,4,0,0,caught,9,21,1,0,"Chennai Super Kings, Mumbai Indians",Chennai Super Kings
A Zampa,22,467,656,31,8.43,15.06,21.16,6,2016,3,1,0,caught,2,24,3,2,"Rajasthan Royals, Rising Pune Supergiant, Royal Challengers Bangalore, Sunrisers Hyderabad",Sunrisers Hyderabad
M Kartik,55,1154,1418,31,7.37,37.23,45.74,3,2010,1,0,0,caught,4,18,3,4,"Kolkata Knight Riders, Pune Warriors, Punjab Kings, Royal Challengers Bangalore",Punjab Kings
NLTC Perera,36,701,1031,31,8.82,22.61,33.26,3,2013,3,0,0,caught,6,24,1,0,"Chennai Super Kings, Kochi Tuskers Kerala, Mumbai Indians, Punjab Kings, Rising Pune Supergiant, Sunrisers Hyderabad",Rising Pune Supergiant
Shivam Mavi,32,655,958,30,8.78,21.83,31.93,4,2021,1,0,0,caught,6,23,0,0,Kolkata Knight Riders,Kolkata Knight Riders
CR Woakes,21,441,674,30,9.17,14.7,22.47,3,2017,3,0,0,caught,5,23,1,0,"Delhi Capitals, Kolkata Knight Riders, Royal Challengers Bangalore",Delhi Capitals
CJ Jordan,34,679,1111,30,9.82,22.63,37.03,4,2016,3,0,0,caught,6,23,0,0,"Chennai Super Kings, Mumbai Indians, Punjab Kings, Royal Challengers Bangalore, Sunrisers Hyderabad",Mumbai Indians
MJ Santner,35,688,870,30,7.59,22.93,29.0,3,2025,1,0,0,caught,3,18,2,3,"Chennai Super Kings, Mumbai Indians",Mumbai Indians
AB Agarkar,42,784,1174,29,8.98,27.03,40.48,3,2008,1,0,0,caught,5,23,0,0,"Delhi Capitals, Kolkata Knight Riders",Delhi Capitals
Rasikh Salam,25,492,819,29,9.99,16.97,28.24,4,2026,5,0,0,caught,7,21,0,0,"Delhi Capitals, Kolkata Knight Riders, Mumbai Indians, Royal Challengers Bengaluru",Royal Challengers Bengaluru
Umran Malik,26,497,785,29,9.48,17.14,27.07,5,2022,4,1,0,caught,10,16,1,0,Sunrisers Hyderabad,Sunrisers Hyderabad
Azhar Mahmood,23,542,707,29,7.83,18.69,24.38,3,2013,4,0,0,caught,3,21,4,0,"Kolkata Knight Riders, Punjab Kings",Kolkata Knight Riders
BA Stokes,38,693,1023,28,8.86,24.75,36.54,3,2017,3,0,0,caught,7,21,0,0,"Chennai Super Kings, Rajasthan Royals, Rising Pune Supergiant",Chennai Super Kings
PV Tambe,33,660,866,28,7.87,23.57,30.93,4,2014,2,0,0,caught,3,14,5,3,"Gujarat Lions, Rajasthan Royals",Gujarat Lions
DL Vettori,34,777,894,28,6.9,27.75,31.93,3,2011,2,0,0,caught,7,15,4,2,"Delhi Capitals, Royal Challengers Bangalore",Royal Challengers Bangalore
DP Nannes,29,650,815,28,7.52,23.21,29.11,3,2009,2,0,0,caught,5,20,2,0,"Chennai Super Kings, Delhi Capitals, Royal Challengers Bangalore",Chennai Super Kings
A Singh,23,474,639,28,8.09,16.93,22.82,4,2012,3,0,0,caught,6,21,1,0,Rajasthan Royals,Rajasthan Royals
Yash Thakur,22,472,837,27,10.64,17.48,31.0,5,2023,3,1,0,caught,5,22,0,0,"Lucknow Super Giants, Punjab Kings",Punjab Kings
MF Maharoof,20,425,532,27,7.51,15.74,19.7,3,2008,1,0,0,caught,5,20,2,0,Delhi Capitals,Delhi Capitals
Shahbaz Ahmed,50,657,1083,27,9.89,24.33,40.11,3,2021,2,0,0,caught,2,22,2,0,"Lucknow Super Giants, Royal Challengers Bangalore, Sunrisers Hyderabad",Lucknow Super Giants
Harmeet Singh,28,553,747,27,8.1,20.48,27.67,3,2010,2,0,0,caught,6,15,4,0,"Punjab Kings, Rajasthan Royals, Sunrisers Hyderabad",Punjab Kings
Suyash Sharma,39,804,1215,27,9.07,29.78,45.0,3,2023,2,0,0,caught,9,16,2,0,"Kolkata Knight Riders, Royal Challengers Bengaluru",Royal Challengers Bengaluru
AD Mathews,44,792,1095,27,8.3,29.33,40.56,4,2010,2,0,0,caught,6,20,1,0,"Delhi Capitals, Kolkata Knight Riders, Pune Warriors",Delhi Capitals
Vijaykumar Vyshak,25,522,910,26,10.46,20.08,35.0,3,2023,2,0,0,caught,2,24,0,0,"Punjab Kings, Royal Challengers Bangalore, Royal Challengers Bengaluru",Punjab Kings
DR Smith,46,543,825,26,9.12,20.88,31.73,4,2016,2,0,0,caught,8,16,2,0,"Chennai Super Kings, Gujarat Lions, Mumbai Indians, Sunrisers Hyderabad",Gujarat Lions
Mukesh Choudhary,24,484,780,25,9.67,19.36,31.2,4,2022,3,0,0,caught,5,17,2,0,Chennai Super Kings,Chennai Super Kings
J Botha,34,694,818,25,7.07,27.76,32.72,3,2012,1,0,0,bowled,7,7,6,3,"Delhi Capitals, Kolkata Knight Riders, Rajasthan Royals",Kolkata Knight Riders
SK Raina,69,908,1139,25,7.53,36.32,45.56,2,2009,0,0,0,caught,1,15,4,2,"Chennai Super Kings, Gujarat Lions",Chennai Super Kings
B Lee,38,888,1126,25,7.61,35.52,45.04,3,2012,1,0,0,caught,6,17,0,0,"Kolkata Knight Riders, Punjab Kings",Kolkata Knight Riders
R Dhawan,36,665,922,25,8.32,26.6,36.88,2,2014,0,0,0,caught,5,17,3,0,"Mumbai Indians, Punjab Kings",Punjab Kings
Naveen-ul-Haq,17,392,602,25,9.21,15.68,24.08,4,2024,4,0,0,caught,4,20,1,0,Lucknow Super Giants,Lucknow Super Giants
AS Rajpoot,29,539,844,24,9.4,22.46,35.17,5,2018,2,1,0,caught,3,18,2,0,"Chennai Super Kings, Kolkata Knight Riders, Punjab Kings, Rajasthan Royals",Rajasthan Royals
Akash Madhwal,17,359,598,24,9.99,14.96,24.92,5,2023,5,1,0,caught,7,12,4,0,"Mumbai Indians, Rajasthan Royals",Rajasthan Royals
Navdeep Saini,32,679,1006,24,8.89,28.29,41.92,3,2019,1,0,0,caught,4,20,0,0,"Kolkata Knight Riders, Rajasthan Royals, Royal Challengers Bangalore",Kolkata Knight Riders
C Green,39,573,916,23,9.59,24.91,39.83,2,2024,0,0,0,caught,1,22,0,0,"Kolkata Knight Riders, Mumbai Indians, Royal Challengers Bengaluru",Kolkata Knight Riders
SW Tait,21,482,668,23,8.32,20.96,29.04,3,2010,4,0,0,caught,5,17,0,0,Rajasthan Royals,Rajasthan Royals
JP Duminy,49,678,847,23,7.5,29.48,36.83,4,2015,1,0,0,caught,5,13,2,1,"Delhi Capitals, Mumbai Indians, Sunrisers Hyderabad",Mumbai Indians
GB Hogg,21,459,585,23,7.65,19.96,25.43,4,2012,2,0,0,caught,5,11,2,5,"Kolkata Knight Riders, Rajasthan Royals",Kolkata Knight Riders
Sohail Tanvir,11,248,275,22,6.65,11.27,12.5,6,2008,5,1,0,caught,8,11,3,0,Rajasthan Royals,Rajasthan Royals
STR Binny,63,595,763,22,7.69,27.05,34.68,2,2013,0,0,0,caught,5,15,2,0,"Mumbai Indians, Rajasthan Royals, Royal Challengers Bangalore",Rajasthan Royals
Basil Thampi,25,522,862,22,9.91,23.73,39.18,3,2017,2,0,0,caught,4,13,4,0,"Gujarat Lions, Mumbai Indians, Sunrisers Hyderabad",Mumbai Indians
BW Hilfenhaus,17,375,497,22,7.95,17.05,22.59,3,2012,1,0,0,caught,5,16,1,0,Chennai Super Kings,Chennai Super Kings
K Gowtham,35,588,825,21,8.42,28.0,39.29,2,2018,0,0,0,caught,5,13,0,2,"Lucknow Super Giants, Punjab Kings, Rajasthan Royals",Lucknow Super Giants
VY Mahesh,17,346,511,21,8.86,16.48,24.33,4,2008,2,0,0,caught,5,16,0,0,"Chennai Super Kings, Delhi Capitals",Chennai Super Kings
AS Joseph,22,435,707,21,9.75,20.71,33.67,6,2022,1,1,0,caught,6,14,0,0,"Gujarat Titans, Mumbai Indians, Royal Challengers Bengaluru",Royal Challengers Bengaluru
N Burger,18,364,617,21,10.17,17.33,29.38,2,2026,0,0,0,caught,3,17,0,0,Rajasthan Royals,Rajasthan Royals
RE van der Merwe,21,443,515,21,6.98,21.1,24.52,3,2009,1,0,0,caught,5,9,4,1,"Delhi Capitals, Royal Challengers Bangalore",Delhi Capitals
Mujeeb Ur Rahman,20,446,626,20,8.42,22.3,31.3,3,2018,1,0,0,caught,4,14,1,1,"Mumbai Indians, Punjab Kings, Sunrisers Hyderabad",Mumbai Indians
A Symonds,30,528,694,20,7.89,26.4,34.7,3,2010,1,0,0,caught,2,13,2,2,"Mumbai Indians, Sunrisers Hyderabad",Mumbai Indians
C Sakariya,20,449,649,20,8.67,22.45,32.45,3,2021,2,0,0,caught,2,18,0,0,"Delhi Capitals, Kolkata Knight Riders, Rajasthan Royals",Kolkata Knight Riders
KW Richardson,15,335,479,19,8.58,17.63,25.21,3,2014,1,0,0,caught,2,15,1,0,"Pune Warriors, Rajasthan Royals, Royal Challengers Bangalore",Royal Challengers Bangalore
AD Mascarenhas,13,308,365,19,7.11,16.21,19.21,5,2012,2,1,0,caught,3,14,1,0,"Punjab Kings, Rajasthan Royals",Punjab Kings
JP Behrendorff,17,366,563,19,9.23,19.26,29.63,3,2023,2,0,0,caught,2,17,0,0,Mumbai Indians,Mumbai Indians
NT Ellis,17,381,553,19,8.71,20.05,29.11,4,2023,2,0,0,caught,3,13,2,0,"Chennai Super Kings, Punjab Kings",Chennai Super Kings
RP Meredith,18,390,621,19,9.55,20.53,32.68,2,2022,0,0,0,caught,2,17,0,0,"Mumbai Indians, Punjab Kings",Mumbai Indians
J Suchith,21,420,604,19,8.63,22.11,31.79,2,2015,0,0,0,caught,3,12,1,2,"Delhi Capitals, Mumbai Indians, Sunrisers Hyderabad",Sunrisers Hyderabad
Prince Yadav,20,450,695,19,9.27,23.68,36.58,3,2026,2,0,0,caught,8,10,0,0,Lucknow Super Giants,Lucknow Super Giants
DS Rathi,23,548,834,19,9.13,28.84,43.89,2,2025,0,0,0,caught,4,15,0,0,Lucknow Super Giants,Lucknow Super Giants
WPUJC Vaas,13,284,364,18,7.69,15.78,20.22,3,2010,1,0,0,caught,3,12,2,1,Sunrisers Hyderabad,Sunrisers Hyderabad
A Ashish Reddy,20,264,400,18,9.09,14.67,22.22,3,2012,1,0,0,caught,6,8,3,0,Sunrisers Hyderabad,Sunrisers Hyderabad
CH Gayle,38,557,755,18,8.13,30.94,41.94,3,2011,1,0,0,caught,5,8,2,3,"Kolkata Knight Riders, Punjab Kings, Royal Challengers Bangalore",Punjab Kings
Anureet Singh,22,419,636,18,9.11,23.28,35.33,3,2015,1,0,0,caught,6,12,0,0,"Kolkata Knight Riders, Punjab Kings, Rajasthan Royals",Rajasthan Royals
IC Pandey,24,464,609,18,7.88,25.78,33.83,2,2015,0,0,0,caught,4,14,0,0,"Chennai Super Kings, Pune Warriors",Chennai Super Kings
BB Sran,24,486,767,18,9.47,27.0,42.61,3,2016,1,0,0,caught,2,16,0,0,"Mumbai Indians, Punjab Kings, Rajasthan Royals, Sunrisers Hyderabad",Mumbai Indians
Arshad Khan,24,365,675,18,11.1,20.28,37.5,3,2025,2,0,0,caught,1,16,0,0,"Gujarat Titans, Lucknow Super Giants, Mumbai Indians",Gujarat Titans
CRD Fernando,10,238,306,17,7.71,14.0,18.0,4,2008,1,0,0,caught,2,13,1,0,Mumbai Indians,Mumbai Indians
Bipul Sharma,28,426,581,17,8.18,25.06,34.18,2,2011,0,0,0,caught,2,13,1,1,"Punjab Kings, Sunrisers Hyderabad",Sunrisers Hyderabad
Ashwani Kumar,10,185,336,17,10.9,10.88,19.76,4,2025,2,0,0,caught,2,14,1,0,Mumbai Indians,Mumbai Indians
R Shepherd,28,361,719,17,11.95,21.24,42.29,3,2026,1,0,0,caught,1,15,1,0,"Mumbai Indians, Royal Challengers Bengaluru, Sunrisers Hyderabad",Royal Challengers Bengaluru
BJ Hodge,20,234,310,17,7.95,13.76,18.24,4,2009,2,0,0,caught,4,13,0,0,"Kochi Tuskers Kerala, Kolkata Knight Riders, Rajasthan Royals",Rajasthan Royals
R Rampaul,12,270,319,16,7.09,16.88,19.94,3,2013,1,0,0,caught,1,14,1,0,Royal Challengers Bangalore,Royal Challengers Bangalore
D Wiese,15,297,447,16,9.03,18.56,27.94,4,2015,1,0,0,caught,1,13,1,0,"Kolkata Knight Riders, Royal Challengers Bangalore",Kolkata Knight Riders
KA Jamieson,15,303,508,16,10.06,18.94,31.75,3,2021,2,0,0,caught,2,12,2,0,"Delhi Capitals, Punjab Kings, Royal Challengers Bangalore",Delhi Capitals
G Coetzee,14,274,490,15,10.73,18.27,32.67,4,2024,2,0,0,caught,1,13,0,0,"Gujarat Titans, Mumbai Indians",Gujarat Titans
LR Shukla,27,316,458,15,8.7,21.07,30.53,3,2008,2,0,0,caught,5,7,2,0,"Delhi Capitals, Kolkata Knight Riders",Delhi Capitals
Sakib Hussain,11,253,399,15,9.46,16.87,26.6,4,2026,1,0,0,caught,4,10,1,0,Sunrisers Hyderabad,Sunrisers Hyderabad
AM Ghazanfar,11,233,390,15,10.04,15.53,26.0,2,2026,0,0,0,caught,3,9,2,1,Mumbai Indians,Mumbai Indians
Azmatullah Omarzai,18,354,579,15,9.81,23.6,38.6,2,2025,0,0,0,caught,1,12,1,0,"Gujarat Titans, Punjab Kings",Punjab Kings
AS Roy,22,323,482,15,8.95,21.53,32.13,2,2026,0,0,0,caught,2,9,1,1,"Kolkata Knight Riders, Mumbai Indians",Kolkata Knight Riders
RG Sharma,32,339,462,15,8.18,22.6,30.8,4,2009,2,0,1,caught,5,8,0,1,"Mumbai Indians, Sunrisers Hyderabad",Mumbai Indians
Mohammad Nabi,23,417,527,15,7.58,27.8,35.13,4,2019,1,0,0,caught,3,11,0,1,"Mumbai Indians, Sunrisers Hyderabad",Mumbai Indians
YA Abdulla,11,210,311,15,8.89,14.0,20.73,4,2009,3,0,0,caught,4,10,1,0,Punjab Kings,Punjab Kings
DR Sams,16,362,528,14,8.75,25.86,37.71,4,2022,2,0,0,caught,0,13,1,0,"Delhi Capitals, Mumbai Indians, Royal Challengers Bangalore",Mumbai Indians
JR Hopes,20,360,562,14,9.37,25.71,40.14,2,2008,0,0,0,caught,1,11,1,0,"Delhi Capitals, Punjab Kings",Delhi Capitals
J Overton,13,204,338,14,9.94,14.57,24.14,4,2026,3,0,0,caught,3,11,0,0,Chennai Super Kings,Chennai Super Kings
SJ Srivastava,14,283,444,14,9.41,20.21,31.71,2,2011,0,0,0,caught,1,12,0,0,Punjab Kings,Punjab Kings
Brijesh Sharma,13,277,452,14,9.79,19.79,32.29,2,2026,0,0,0,caught,2,7,4,0,Rajasthan Royals,Rajasthan Royals
AC Thomas,15,317,416,14,7.87,22.64,29.71,3,2011,1,0,0,caught,1,13,0,0,Pune Warriors,Pune Warriors
KR Sen,12,243,396,14,9.78,17.36,28.29,4,2022,2,0,0,caught,4,8,1,0,Rajasthan Royals,Rajasthan Royals
PP Hinge,7,159,307,14,11.58,11.36,21.93,4,2026,2,0,0,caught,1,12,0,0,Sunrisers Hyderabad,Sunrisers Hyderabad
Akash Singh,12,247,406,13,9.86,19.0,31.23,3,2023,1,0,0,caught,3,10,0,0,"Chennai Super Kings, Lucknow Super Giants, Rajasthan Royals",Lucknow Super Giants
ST Jayasuriya,21,294,396,13,8.08,22.62,30.46,3,2009,1,0,0,caught,2,10,0,1,Mumbai Indians,Mumbai Indians
PVD Chameera,20,399,658,13,9.89,30.69,50.62,2,2022,0,0,0,caught,1,12,0,0,"Delhi Capitals, Kolkata Knight Riders, Lucknow Super Giants",Delhi Capitals
Harsh Dubey,11,192,328,13,10.25,14.77,25.23,3,2026,2,0,0,caught,2,8,1,1,Sunrisers Hyderabad,Sunrisers Hyderabad
LS Livingstone,27,312,471,13,9.06,24.0,36.23,3,2022,1,0,0,caught,2,8,0,1,"Punjab Kings, Rajasthan Royals, Royal Challengers Bengaluru",Royal Challengers Bengaluru
Nithish Kumar Reddy,26,328,581,13,10.63,25.23,44.69,2,2026,0,0,0,caught,1,11,0,0,Sunrisers Hyderabad,Sunrisers Hyderabad
V Nigam,18,293,478,13,9.79,22.54,36.77,2,2025,0,0,0,caught,1,9,2,1,Delhi Capitals,Delhi Capitals
C Bosch,8,165,253,13,9.2,12.69,19.46,4,2026,2,0,0,caught,2,10,1,0,Mumbai Indians,Mumbai Indians
S Lamichhane,9,210,297,13,8.49,16.15,22.85,3,2019,2,0,0,caught,0,7,3,2,Delhi Capitals,Delhi Capitals
RR Powar,26,427,538,13,7.56,32.85,41.38,2,2009,0,0,0,caught,5,6,0,2,"Kochi Tuskers Kerala, Punjab Kings",Punjab Kings
TK Curran,13,241,432,13,10.76,18.54,33.23,3,2018,1,0,0,caught,1,12,0,0,"Delhi Capitals, Kolkata Knight Riders, Rajasthan Royals",Delhi Capitals
CK Langeveldt,7,157,199,13,7.61,12.08,15.31,3,2010,1,0,0,caught,1,11,1,0,"Kolkata Knight Riders, Royal Challengers Bangalore",Royal Challengers Bangalore
CR Brathwaite,16,257,384,13,8.96,19.77,29.54,3,2016,1,0,0,caught,2,11,0,0,"Delhi Capitals, Kolkata Knight Riders, Sunrisers Hyderabad",Kolkata Knight Riders
AN Ahmed,17,349,515,12,8.85,29.08,42.92,2,2011,0,0,0,caught,3,8,1,0,"Mumbai Indians, Royal Challengers Bangalore",Royal Challengers Bangalore
Umar Gul,6,141,198,12,8.43,11.75,16.5,4,2008,2,0,0,caught,4,5,3,0,Kolkata Knight Riders,Kolkata Knight Riders
R McLaren,18,357,558,12,9.38,29.75,46.5,2,2011,0,0,0,caught,4,8,0,0,"Kolkata Knight Riders, Mumbai Indians, Punjab Kings",Kolkata Knight Riders
VRV Singh,18,364,549,12,9.05,30.33,45.75,3,2008,1,0,0,caught,4,8,0,0,Punjab Kings,Punjab Kings
Ankit Sharma,21,367,453,12,7.41,30.58,37.75,2,2012,0,0,0,caught,2,8,2,0,"Rajasthan Royals, Rising Pune Supergiant, Sunrisers Hyderabad",Rajasthan Royals
BA Bhatt,15,297,408,12,8.24,24.75,34.0,4,2011,1,0,0,caught,1,8,2,0,Punjab Kings,Punjab Kings
GD McGrath,14,325,366,12,6.76,27.08,30.5,4,2008,1,0,0,caught,1,10,1,0,Delhi Capitals,Delhi Capitals
K Kartikeya,16,282,412,12,8.77,23.5,34.33,2,2022,0,0,0,caught,5,6,1,0,"Mumbai Indians, Rajasthan Royals",Rajasthan Royals
Karanveer Singh,9,204,323,12,9.5,17.0,26.92,4,2014,2,0,0,caught,1,10,0,1,Punjab Kings,Punjab Kings
Joginder Sharma,15,263,421,12,9.6,21.92,35.08,2,2008,0,0,0,caught,3,8,1,0,Chennai Super Kings,Chennai Super Kings
AB McDonald,10,186,263,11,8.48,16.91,23.91,2,2010,0,0,0,bowled,6,5,0,0,"Delhi Capitals, Royal Challengers Bangalore",Royal Challengers Bangalore
Simarjeet Singh,14,242,411,11,10.19,22.0,37.36,3,2024,1,0,0,caught,0,11,0,0,"Chennai Super Kings, Sunrisers Hyderabad",Sunrisers Hyderabad
CJ Anderson,22,297,525,11,10.61,27.0,47.73,2,2014,0,0,0,caught,0,10,1,0,"Delhi Capitals, Mumbai Indians, Royal Challengers Bangalore",Royal Challengers Bangalore
Abhishek Sharma,36,366,558,11,9.15,33.27,50.73,2,2021,0,0,0,caught,1,6,2,2,Sunrisers Hyderabad,Sunrisers Hyderabad
RS Bopara,14,206,301,11,8.77,18.73,27.36,3,2015,1,0,0,caught,2,6,0,0,"Punjab Kings, Sunrisers Hyderabad",Sunrisers Hyderabad
OC McCoy,8,163,255,11,9.39,14.82,23.18,3,2022,1,0,0,caught,3,8,0,0,Rajasthan Royals,Rajasthan Royals
TS Mills,10,209,349,11,10.02,19.0,31.73,3,2022,1,0,0,caught,2,8,1,0,"Mumbai Indians, Royal Challengers Bangalore",Mumbai Indians
JL Pattinson,10,213,321,11,9.04,19.36,29.18,2,2020,0,0,0,caught,1,8,2,0,Mumbai Indians,Mumbai Indians
SM Pollock,13,276,307,11,6.67,25.09,27.91,3,2008,1,0,0,caught,0,9,1,1,Mumbai Indians,Mumbai Indians
J Theron,10,223,311,11,8.37,20.27,28.27,4,2010,1,0,0,bowled,5,5,1,0,"Punjab Kings, Rajasthan Royals, Sunrisers Hyderabad",Rajasthan Royals
MA Wood,5,121,192,11,9.52,11.0,17.45,5,2023,2,1,0,caught,3,8,0,0,"Chennai Super Kings, Lucknow Super Giants",Lucknow Super Giants
Pankaj Singh,17,301,472,11,9.41,27.36,42.91,2,2012,0,0,0,caught,2,9,0,0,"Rajasthan Royals, Royal Challengers Bangalore",Rajasthan Royals
J Little,11,228,341,11,8.97,20.73,31.0,4,2023,1,0,0,caught,2,8,1,0,Gujarat Titans,Gujarat Titans
A Chandila,12,234,245,11,6.28,21.27,22.27,4,2013,1,0,1,caught,0,4,0,2,Rajasthan Royals,Rajasthan Royals
S Badree,12,258,329,11,7.65,23.45,29.91,4,2017,1,0,1,caught,3,6,2,0,"Chennai Super Kings, Rajasthan Royals, Royal Challengers Bangalore",Royal Challengers Bangalore
DJG Sammy,19,238,354,11,8.92,21.64,32.18,4,2013,1,0,0,caught,5,6,0,0,"Royal Challengers Bangalore, Sunrisers Hyderabad",Royal Challengers Bangalore
Akash Deep,14,282,554,10,11.79,28.2,55.4,3,2022,1,0,0,caught,1,7,1,0,"Lucknow Super Giants, Royal Challengers Bangalore, Royal Challengers Bengaluru",Lucknow Super Giants
N Rana,27,216,326,10,9.06,21.6,32.6,2,2018,0,0,0,caught,3,5,1,1,"Delhi Capitals, Kolkata Knight Riders, Mumbai Indians, Rajasthan Royals",Delhi Capitals
DJ Hooda,34,379,550,10,8.71,37.9,55.0,2,2016,0,0,0,caught,1,8,0,1,"Chennai Super Kings, Lucknow Super Giants, Punjab Kings, Rajasthan Royals, Sunrisers Hyderabad",Chennai Super Kings
B Laughlin,9,169,284,10,10.08,16.9,28.4,2,2018,0,0,0,caught,1,9,0,0,"Chennai Super Kings, Rajasthan Royals",Rajasthan Royals
V Pratap Singh,9,204,300,10,8.82,20.4,30.0,2,2012,0,0,0,caught,2,8,0,0,Sunrisers Hyderabad,Sunrisers Hyderabad
Kamran Khan,9,167,248,10,8.91,16.7,24.8,4,2009,1,0,0,caught,4,6,0,0,"Pune Warriors, Rajasthan Royals",Pune Warriors
BCJ Cutting,17,281,430,10,9.18,28.1,43.0,2,2016,0,0,0,caught,3,7,0,0,"Mumbai Indians, Rajasthan Royals, Sunrisers Hyderabad",Mumbai Indians
Lalit Yadav,19,289,430,10,8.93,28.9,43.0,2,2021,0,0,0,caught,3,6,0,0,Delhi Capitals,Delhi Capitals
WG Jacks,19,192,315,10,9.84,19.2,31.5,2,2025,0,0,0,caught,1,7,0,2,"Mumbai Indians, Royal Challengers Bengaluru",Mumbai Indians
SC Ganguly,20,277,370,10,8.01,27.7,37.0,2,2008,0,0,0,caught,4,6,0,0,"Kolkata Knight Riders, Pune Warriors",Pune Warriors
Yash Raj Punja,8,180,281,9,9.37,20.0,31.22,2,2026,0,0,0,caught,2,6,1,0,Rajasthan Royals,Rajasthan Royals
MN Samuels,11,214,285,9,7.99,23.78,31.67,3,2012,1,0,0,caught,2,7,0,0,"Delhi Capitals, Pune Warriors",Delhi Capitals
KMA Paul,8,168,239,9,8.54,18.67,26.56,3,2019,2,0,0,caught,0,9,0,0,Delhi Capitals,Delhi Capitals
Shivang Kumar,13,234,376,9,9.64,26.0,41.78,3,2026,1,0,0,caught,0,9,0,0,Sunrisers Hyderabad,Sunrisers Hyderabad
SE Bond,8,186,225,9,7.26,20.67,25.0,2,2010,0,0,0,caught,1,6,1,0,Kolkata Knight Riders,Kolkata Knight Riders
KP Appanna,13,216,291,9,8.08,24.0,32.33,4,2012,1,0,0,caught,1,5,1,2,Royal Challengers Bangalore,Royal Challengers Bangalore
BE Hendricks,7,151,239,9,9.5,16.78,26.56,3,2015,1,0,0,caught,1,8,0,0,Punjab Kings,Punjab Kings
SMSM Senanayake,8,192,211,9,6.59,21.33,23.44,2,2013,0,0,0,bowled,4,1,3,1,Kolkata Knight Riders,Kolkata Knight Riders
Shahid Afridi,10,181,237,9,7.86,20.11,26.33,3,2008,1,0,0,caught,1,6,2,0,Sunrisers Hyderabad,Sunrisers Hyderabad
MP Yadav,10,218,371,9,10.21,24.22,41.22,3,2024,2,0,0,caught,3,6,0,0,Lucknow Super Giants,Lucknow Super Giants
IS Sodhi,8,181,204,9,6.76,20.11,22.67,3,2018,1,0,0,caught,1,7,1,0,Rajasthan Royals,Rajasthan Royals
AM Nayar,19,229,323,9,8.46,25.44,35.89,3,2009,1,0,0,caught,1,8,0,0,"Mumbai Indians, Pune Warriors, Punjab Kings",Pune Warriors
JA Duffy,6,145,266,9,11.01,16.11,29.56,3,2026,2,0,0,caught,0,8,0,0,Royal Challengers Bengaluru,Royal Challengers Bengaluru
V Shankar,22,243,344,9,8.49,27.0,38.22,2,2020,0,0,0,caught,1,7,0,0,"Chennai Super Kings, Delhi Capitals, Gujarat Titans, Sunrisers Hyderabad",Gujarat Titans
JDP Oram,14,238,362,9,9.13,26.44,40.22,3,2009,1,0,0,caught,0,8,0,0,"Chennai Super Kings, Mumbai Indians, Rajasthan Royals",Mumbai Indians
R Parag,34,319,516,9,9.71,35.44,57.33,1,2025,0,0,0,caught,0,9,0,0,Rajasthan Royals,Rajasthan Royals
AJ Hosein,8,174,239,9,8.24,19.33,26.56,4,2026,1,0,0,caught,2,7,0,0,"Chennai Super Kings, Sunrisers Hyderabad",Chennai Super Kings
JEC Franklin,15,153,225,9,8.82,17.0,25.0,2,2012,0,0,0,caught,1,8,0,0,Mumbai Indians,Mumbai Indians
AG Murtaza,12,264,322,9,7.32,29.33,35.78,3,2010,1,0,0,caught,1,6,2,0,"Mumbai Indians, Pune Warriors",Pune Warriors
N Thushara,8,183,289,9,9.48,20.33,32.11,3,2024,2,0,0,caught,1,6,2,0,"Mumbai Indians, Royal Challengers Bengaluru",Royal Challengers Bengaluru
M Siddharth,9,189,285,9,9.05,21.0,31.67,2,2026,0,0,0,caught,1,8,0,0,Lucknow Super Giants,Lucknow Super Giants
P Parameswaran,8,155,226,9,8.75,17.22,25.11,3,2012,1,0,0,caught,1,7,0,0,"Kochi Tuskers Kerala, Royal Challengers Bangalore",Royal Challengers Bangalore
BAW Mendis,10,245,306,8,7.49,30.62,38.25,2,2009,0,0,0,caught,0,6,1,0,"Kolkata Knight Riders, Pune Warriors",Pune Warriors
J Yadav,20,392,447,8,6.84,49.0,55.88,1,2015,0,0,0,caught,2,4,0,0,"Delhi Capitals, Gujarat Titans, Mumbai Indians",Gujarat Titans
J Syed Mohammad,11,192,286,8,8.94,24.0,35.75,2,2011,0,0,0,caught,1,6,0,1,Royal Challengers Bangalore,Royal Challengers Bangalore
I Udana,10,174,286,8,9.86,21.75,35.75,2,2020,0,0,0,caught,2,6,0,0,Royal Challengers Bangalore,Royal Challengers Bangalore
Yudhvir Singh,9,139,257,8,11.09,17.38,32.12,3,2025,1,0,0,caught,2,6,0,0,"Lucknow Super Giants, Rajasthan Royals",Rajasthan Royals
KC Cariappa,11,218,349,8,9.61,27.25,43.62,2,2017,0,0,0,caught,1,3,1,2,"Kolkata Knight Riders, Punjab Kings",Kolkata Knight Riders
JD Ryder,16,236,314,8,7.98,29.5,39.25,2,2011,0,0,0,caught,2,6,0,0,"Pune Warriors, Royal Challengers Bangalore",Pune Warriors
AA Chavan,13,248,339,8,8.2,31.0,42.38,2,2012,0,0,0,caught,1,5,2,0,Rajasthan Royals,Rajasthan Royals
T Thushara,6,137,164,8,7.18,17.12,20.5,2,2010,0,0,0,caught,1,7,0,0,Chennai Super Kings,Chennai Super Kings
JDS Neesham,13,216,342,8,9.5,27.0,42.75,3,2021,1,0,0,caught,1,7,0,0,"Delhi Capitals, Mumbai Indians, Punjab Kings, Rajasthan Royals",Rajasthan Royals
SB Styris,11,216,278,8,7.72,27.0,34.75,3,2009,1,0,0,caught,0,8,0,0,"Chennai Super Kings, Sunrisers Hyderabad",Chennai Super Kings
DJ Hussey,26,317,485,8,9.18,39.62,60.62,2,2012,0,0,0,caught,1,6,0,1,"Chennai Super Kings, Kolkata Knight Riders, Punjab Kings",Chennai Super Kings
S Sandeep Warrier,10,170,257,8,9.07,21.25,32.12,3,2024,1,0,0,caught,1,7,0,0,"Gujarat Titans, Kolkata Knight Riders",Gujarat Titans
Anand Rajan,8,150,206,8,8.24,18.75,25.75,3,2011,1,0,0,caught,1,6,1,0,Sunrisers Hyderabad,Sunrisers Hyderabad
Mohammad Asif,8,193,307,8,9.54,24.12,38.38,2,2008,0,0,0,caught,2,5,0,0,Delhi Capitals,Delhi Capitals
XC Bartlett,13,262,486,7,11.13,37.43,69.43,2,2026,0,0,0,caught,0,7,0,0,Punjab Kings,Punjab Kings
AM Salvi,7,150,205,7,8.2,21.43,29.29,2,2009,0,0,0,caught,0,6,1,0,Delhi Capitals,Delhi Capitals
Swapnil Singh,14,163,241,7,8.87,23.29,34.43,2,2024,0,0,0,caught,0,4,2,0,"Lucknow Super Giants, Punjab Kings, Royal Challengers Bengaluru",Royal Challengers Bengaluru
A Mithun,16,297,477,7,9.64,42.43,68.14,2,2011,0,0,0,caught,2,5,0,0,Royal Challengers Bangalore,Royal Challengers Bangalore
AF Milne,11,228,381,7,10.03,32.57,54.43,2,2017,0,0,0,caught,1,6,0,0,"Chennai Super Kings, Mumbai Indians, Rajasthan Royals, Royal Challengers Bangalore",Rajasthan Royals
M Ntini,9,212,257,7,7.27,30.29,36.71,4,2008,1,0,1,bowled,4,3,0,0,Chennai Super Kings,Chennai Super Kings
B Stanlake,6,144,200,7,8.33,20.57,28.57,2,2018,0,0,0,caught,1,6,0,0,"Royal Challengers Bangalore, Sunrisers Hyderabad",Sunrisers Hyderabad
SH Johnson,12,231,403,7,10.47,33.0,57.57,2,2024,0,0,0,caught,2,4,0,0,"Chennai Super Kings, Gujarat Titans, Kolkata Knight Riders",Chennai Super Kings
KP Pietersen,13,174,218,7,7.52,24.86,31.14,2,2009,0,0,0,caught,1,5,1,0,"Delhi Capitals, Royal Challengers Bangalore",Delhi Capitals
KM Asif,7,135,232,7,10.31,19.29,33.14,2,2018,0,0,0,caught,0,7,0,0,"Chennai Super Kings, Rajasthan Royals",Rajasthan Royals
GC Viljoen,6,138,229,7,9.96,19.71,32.71,2,2019,0,0,0,caught,1,5,1,0,Punjab Kings,Punjab Kings
Ramandeep Singh,6,56,95,7,10.18,8.0,13.57,3,2022,1,0,0,caught,0,6,0,0,"Kolkata Knight Riders, Mumbai Indians",Kolkata Knight Riders
HF Gurney,8,163,239,7,8.8,23.29,34.14,2,2019,0,0,0,caught,0,5,2,0,Kolkata Knight Riders,Kolkata Knight Riders
P Amarnath,6,132,241,7,10.95,18.86,34.43,2,2008,0,0,0,caught,1,6,0,0,Chennai Super Kings,Chennai Super Kings
PC Valthaty,10,151,207,7,8.23,21.57,29.57,4,2011,1,0,0,caught,1,5,1,0,Punjab Kings,Punjab Kings
AK Markram,24,224,358,6,9.59,37.33,59.67,2,2025,0,0,0,caught,1,2,1,1,"Lucknow Super Giants, Punjab Kings, Sunrisers Hyderabad",Lucknow Super Giants
V Puthur,5,72,109,6,9.08,12.0,18.17,3,2025,1,0,0,caught,0,5,0,0,Mumbai Indians,Mumbai Indians
V Sehwag,15,137,236,6,10.34,22.83,39.33,2,2008,0,0,0,caught,2,3,0,1,Delhi Capitals,Delhi Capitals
VS Malik,13,207,268,6,7.77,34.5,44.67,2,2009,0,0,0,caught,0,5,1,0,"Punjab Kings, Rajasthan Royals",Rajasthan Royals
B Akhil,13,189,246,6,7.81,31.5,41.0,2,2009,0,0,0,caught,1,4,0,1,"Kochi Tuskers Kerala, Royal Challengers Bangalore",Kochi Tuskers Kerala
DJ Willey,11,216,277,6,7.69,36.0,46.17,2,2023,0,0,0,bowled,3,3,0,0,"Chennai Super Kings, Royal Challengers Bangalore",Royal Challengers Bangalore
JE Taylor,5,118,167,6,8.49,19.67,27.83,3,2011,1,0,0,caught,0,6,0,0,Pune Warriors,Pune Warriors
Y Venugopal Rao,20,216,338,6,9.39,36.0,56.33,2,2009,0,0,0,caught,1,4,1,0,"Delhi Capitals, Sunrisers Hyderabad",Sunrisers Hyderabad
Jaskaran Singh,7,106,174,6,9.85,17.67,29.0,2,2010,0,0,0,caught,0,5,1,0,Sunrisers Hyderabad,Sunrisers Hyderabad
K Khejroliya,9,155,281,6,10.88,25.83,46.83,2,2018,0,0,0,caught,1,4,1,0,"Gujarat Titans, Kolkata Knight Riders, Royal Challengers Bangalore",Gujarat Titans
MG Bracewell,5,66,95,6,8.64,11.0,15.83,2,2023,0,0,0,caught,0,6,0,0,Royal Challengers Bangalore,Royal Challengers Bangalore
OF Smith,6,91,179,6,11.8,15.17,29.83,4,2022,1,0,0,caught,0,6,0,0,Punjab Kings,Punjab Kings
Fazalhaq Farooqi,12,254,440,6,10.39,42.33,73.33,2,2023,0,0,0,bowled,3,3,0,0,"Rajasthan Royals, Sunrisers Hyderabad",Rajasthan Royals
Zeeshan Ansari,10,204,334,6,9.82,34.0,55.67,3,2025,1,0,0,caught,1,4,0,0,Sunrisers Hyderabad,Sunrisers Hyderabad
S Dube,19,154,287,6,11.18,25.67,47.83,2,2020,0,0,0,caught,1,5,0,0,"Chennai Super Kings, Rajasthan Royals, Royal Challengers Bangalore",Chennai Super Kings
C de Grandhomme,19,218,323,6,8.89,36.33,53.83,3,2017,1,0,0,caught,0,5,1,0,"Kolkata Knight Riders, Royal Challengers Bangalore",Royal Challengers Bangalore
S Randiv,8,174,223,6,7.69,29.0,37.17,2,2011,0,0,0,caught,0,4,0,2,Chennai Super Kings,Chennai Super Kings
DG Nalkande,6,85,150,6,10.59,14.17,25.0,2,2024,0,0,0,caught,0,6,0,0,Gujarat Titans,Gujarat Titans
S Kaushik,10,205,304,6,8.9,34.17,50.67,3,2016,1,0,0,caught,0,6,0,0,Gujarat Lions,Gujarat Lions
Ashok Sharma,6,127,233,6,11.01,21.17,38.83,2,2026,0,0,0,caught,0,6,0,0,Gujarat Titans,Gujarat Titans
D Pretorius,7,150,242,6,9.68,25.0,40.33,2,2022,0,0,0,caught,0,5,1,0,Chennai Super Kings,Chennai Super Kings
TL Suman,11,152,198,6,7.82,25.33,33.0,2,2009,0,0,0,caught,0,6,0,0,"Mumbai Indians, Pune Warriors, Sunrisers Hyderabad",Pune Warriors
SS Cottrell,6,120,177,6,8.85,20.0,29.5,2,2020,0,0,0,caught,1,5,0,0,Punjab Kings,Punjab Kings
RR Raje,10,140,214,6,9.17,23.33,35.67,2,2008,0,0,0,caught,2,4,0,0,Mumbai Indians,Mumbai Indians
S Tyagi,14,212,304,6,8.6,35.33,50.67,2,2009,0,0,0,caught,2,4,0,0,Chennai Super Kings,Chennai Super Kings
KMDN Kulasekara,5,102,122,5,7.18,20.4,24.4,2,2012,0,0,0,caught,1,3,0,0,Chennai Super Kings,Chennai Super Kings
Shoaib Ahmed,7,102,154,5,9.06,20.4,30.8,2,2009,0,0,0,caught,1,3,1,0,Sunrisers Hyderabad,Sunrisers Hyderabad
Shashank Singh,8,90,141,5,9.4,18.0,28.2,2,2026,0,0,0,caught,0,5,0,0,"Punjab Kings, Sunrisers Hyderabad",Punjab Kings
KL Nagarkoti,11,180,287,5,9.57,36.0,57.4,2,2020,0,0,0,caught,0,5,0,0,"Delhi Capitals, Kolkata Knight Riders",Delhi Capitals
M de Lange,5,110,171,5,9.33,22.0,34.2,3,2012,1,0,0,caught,2,3,0,0,"Kolkata Knight Riders, Mumbai Indians",Mumbai Indians
SB Wagh,8,102,147,5,8.65,20.4,29.4,3,2011,1,0,0,caught,0,5,0,0,"Pune Warriors, Rajasthan Royals",Pune Warriors
A Choudhary,5,102,144,5,8.47,20.4,28.8,2,2017,0,0,0,caught,0,5,0,0,Royal Challengers Bangalore,Royal Challengers Bangalore
RJW Topley,6,120,222,5,11.1,24.0,44.4,2,2024,0,0,0,caught,1,4,0,0,"Mumbai Indians, Royal Challengers Bangalore, Royal Challengers Bengaluru",Mumbai Indians
S Narwal,6,106,203,5,11.49,21.2,40.6,3,2010,1,0,0,caught,1,4,0,0,"Kolkata Knight Riders, Rajasthan Royals",Kolkata Knight Riders
PD Collingwood,6,89,101,5,6.81,17.8,20.2,2,2010,0,0,0,caught,1,3,0,0,Delhi Capitals,Delhi Capitals
HR Shokeen,13,206,320,5,9.32,41.2,64.0,2,2023,0,0,0,caught,0,5,0,0,Mumbai Indians,Mumbai Indians
Gurkeerat Singh,6,78,97,5,7.46,15.6,19.4,2,2015,0,0,0,caught,1,4,0,0,Punjab Kings,Punjab Kings
R Shukla,7,123,217,5,10.59,24.6,43.4,2,2013,0,0,0,bowled,3,2,0,0,"Delhi Capitals, Mumbai Indians, Rajasthan Royals",Delhi Capitals
TM Dilshan,25,271,368,5,8.15,54.2,73.6,1,2010,0,0,0,caught,1,3,0,1,"Delhi Capitals, Royal Challengers Bangalore",Royal Challengers Bangalore
RV Gomez,9,96,130,5,8.12,19.2,26.0,2,2011,0,0,0,bowled,2,2,1,0,"Kochi Tuskers Kerala, Pune Warriors",Pune Warriors
FH Edwards,6,141,160,5,6.81,28.2,32.0,2,2009,0,0,0,caught,1,3,1,0,Sunrisers Hyderabad,Sunrisers Hyderabad
S Ladda,9,139,225,5,9.71,27.8,45.0,2,2010,0,0,0,caught,1,2,0,2,"Delhi Capitals, Gujarat Lions, Kolkata Knight Riders",Gujarat Lions
